"texto"	"id"	"nombre"	"fecha"	"respuestaA"	"respuestaAid"	"favorito"	"n_favorito"	"retweeteado"	"n_retweet"	"es_retweet"	"fuente"	"longitud"	"latitud"
"RT @RMGCharlie: I figured this was appropriate today. https://t.co/IExWtQ2rmz #Hodor #HoldTheDoor #GameOfThrones #GOT #Panda
https://t.co/M…"	"735235928680235010"	"abouzamazem"	2016-05-24 22:28:00	NA	NA	FALSE	0	FALSE	481	TRUE	"<a href=""http://twitter.com/download/iphone"" rel=""nofollow"">Twitter for iPhone</a>"	NA	NA
"A true gentleman...#got #gameofthrones #holdthedoor https://t.co/HzYkHfFiAO"	"735235920958459904"	"hollywoodrum"	2016-05-24 22:27:58	NA	NA	FALSE	0	FALSE	0	FALSE	"<a href=""http://twitter.com/download/iphone"" rel=""nofollow"">Twitter for iPhone</a>"	NA	NA
"Hodor <ed><U+00A0><U+00BD><ed><U+00B8><U+00AD><ed><U+00A0><U+00BD><ed><U+00B8><U+00AD><ed><U+00A0><U+00BD><ed><U+00B8><U+00AD><ed><U+00A0><U+00BD><ed><U+00B8><U+00AD><ed><U+00A0><U+00BD><ed><U+00B8><U+00AD><ed><U+00A0><U+00BD><ed><U+00B8><U+00AD><ed><U+00A0><U+00BD><ed><U+00B8><U+00AD><ed><U+00A0><U+00BD><ed><U+00B8><U+00AD><ed><U+00A0><U+00BD><ed><U+00B8><U+00AD><ed><U+00A0><U+00BD><ed><U+00B8><U+00AD><ed><U+00A0><U+00BD><ed><U+00B8><U+00AD><ed><U+00A0><U+00BD><ed><U+00B8><U+00AD><ed><U+00A0><U+00BD><ed><U+00B8><U+00AD><ed><U+00A0><U+00BD><ed><U+00B8><U+00AD><ed><U+00A0><U+00BD><ed><U+00B8><U+00AD><ed><U+00A0><U+00BD><ed><U+00B8><U+00AD><ed><U+00A0><U+00BD><ed><U+00B8><U+00AD><ed><U+00A0><U+00BD><ed><U+00B8><U+00AD><ed><U+00A0><U+00BD><ed><U+00B8><U+00AD> #GOT"	"735235915560439810"	"laurakayeauthor"	2016-05-24 22:27:56	NA	NA	FALSE	0	FALSE	0	FALSE	"<a href=""http://twitter.com/download/iphone"" rel=""nofollow"">Twitter for iPhone</a>"	NA	NA
"RT @albertond86: En estos momentos hay en España más incertidumbre por el doblaje de #GOT con lo de #HODOR que por la formación de Gobierno."	"735235912221794305"	"laurentsegura"	2016-05-24 22:27:56	NA	NA	FALSE	0	FALSE	45	TRUE	"<a href=""http://twitter.com/download/android"" rel=""nofollow"">Twitter for Android</a>"	NA	NA
"5 stars Battle Scenes, Brawls, Mysteries, and Adventures #BookReview July 22, 2012 https://t.co/dZWBOJulyl #Kindle   #Fantasy #GoT #RT"	"735235897063440385"	"MrStubbsSays"	2016-05-24 22:27:52	NA	NA	FALSE	0	FALSE	0	FALSE	"<a href=""http://twitter.com"" rel=""nofollow"">Twitter Web Client</a>"	NA	NA
"RT @GodlessUtopia: ""It's hard for a fanatic to admit a mistake..  Everything is the 'Lord's will'."" - Lord Varys

#GameofThrones #GoT https…"	"735235867929894913"	"Da_Broken_Seal"	2016-05-24 22:27:45	NA	NA	FALSE	0	FALSE	90	TRUE	"<a href=""http://twitter.com"" rel=""nofollow"">Twitter Web Client</a>"	NA	NA
"JonSnowyy: Haha... Will not make sense unless you're caught up. #gameofthrones #got #... https://t.co/apkHnrZd7F https://t.co/CVInFzQxHG"	"735235823424012289"	"ThroneNews99"	2016-05-24 22:27:34	NA	NA	FALSE	0	FALSE	0	FALSE	"<a href=""http://twibble.io"" rel=""nofollow"">Twibble.io</a>"	NA	NA
"RT @CrawlingEagle13: I just want someone to look at me the way Tormund looks at Brienne. #GOT #HoldTheDoor https://t.co/dUL8vLu7Rf"	"735235816306286593"	"micahsgrrl"	2016-05-24 22:27:33	NA	NA	FALSE	0	FALSE	1742	TRUE	"<a href=""http://twitter.com/download/iphone"" rel=""nofollow"">Twitter for iPhone</a>"	NA	NA
"Promised myself I wouldn't watch #GoT until after my exams, broke it half way through"	"735235778243072000"	"NthabyMasinge"	2016-05-24 22:27:24	NA	NA	FALSE	0	FALSE	0	FALSE	"<a href=""http://blackberry.com/twitter"" rel=""nofollow"">Twitter for BlackBerry®</a>"	NA	NA
"RT @ProVene: ¿Cómo se activa la #CartaDemocrática de @OEA_oficial y qué puede lograr? Te lo explicamos con 2 personajes de #GOT https://t.c…"	"735235774963167233"	"yraidacrespo"	2016-05-24 22:27:23	NA	NA	FALSE	0	FALSE	3	TRUE	"<a href=""http://twitter.com"" rel=""nofollow"">Twitter Web Client</a>"	NA	NA
"JonSnowyy: Yo...he is savage#gameofthrones #got #hbo #winteriscoming #jonsnow #stark ... https://t.co/YFRAHCx5lt https://t.co/NmiKSiL1RQ"	"735235772480004097"	"ThroneNews99"	2016-05-24 22:27:22	NA	NA	FALSE	0	FALSE	0	FALSE	"<a href=""http://twibble.io"" rel=""nofollow"">Twibble.io</a>"	NA	NA
"I just googled ""Sean Bean beach photos"" for a work project. #sorryIT #socialmediamanagerproblems #GoT #teachermemes  #summeriscoming"	"735235755178524672"	"Ryan_N_Sargent"	2016-05-24 22:27:18	NA	NA	FALSE	0	FALSE	0	FALSE	"<a href=""http://twitter.com/download/android"" rel=""nofollow"">Twitter for Android</a>"	NA	NA
"Lol, a eleição do novo rei das Ilhas de Ferro está tão adaptada a TV. Clichés todos. E não faz metade do sentido da versão do livro #GoT"	"735235740003651584"	"bgmalves"	2016-05-24 22:27:15	NA	NA	FALSE	0	FALSE	0	FALSE	"<a href=""http://twitter.com/download/android"" rel=""nofollow"">Twitter for Android</a>"	NA	NA
"ok @GRRM ... now #holdthedoor will give me heartache for the rest of my life... I can't hold this feeling anymore...#GOT i need a therapist"	"735235703378956289"	"Romi_GV"	2016-05-24 22:27:06	NA	NA	FALSE	0	FALSE	0	FALSE	"<a href=""http://twitter.com"" rel=""nofollow"">Twitter Web Client</a>"	NA	NA
"Oim #GOT https://t.co/FPO1yBU5Yj"	"735235686756954112"	"InesouB"	2016-05-24 22:27:02	NA	NA	FALSE	0	FALSE	1	FALSE	"<a href=""http://twitter.com/download/iphone"" rel=""nofollow"">Twitter for iPhone</a>"	NA	NA
"RT @albertond86: En estos momentos hay en España más incertidumbre por el doblaje de #GOT con lo de #HODOR que por la formación de Gobierno."	"735235664934019072"	"barrabea"	2016-05-24 22:26:57	NA	NA	FALSE	0	FALSE	45	TRUE	"<a href=""http://twitter.com"" rel=""nofollow"">Twitter Web Client</a>"	NA	NA
"Yo...he is savage

#gameofthrones #got #hbo #winteriscoming #jonsnow #stark #khaleesi #asoiaf #asongoficeandfire #d… https://t.co/TQzPUER9gT"	"735235652334309376"	"jonsnowyy"	2016-05-24 22:26:54	NA	NA	FALSE	0	FALSE	0	FALSE	"<a href=""http://ifttt.com"" rel=""nofollow"">IFTTT</a>"	NA	NA
"It's nice to see Sansa Stark grow a pair #got"	"735235644432240641"	"Veephillips"	2016-05-24 22:26:52	NA	NA	FALSE	0	FALSE	0	FALSE	"<a href=""http://twitter.com/download/iphone"" rel=""nofollow"">Twitter for iPhone</a>"	NA	NA
"A chaque fois qu'il y a un paradoxe temporel ds une fiction, j'fais un peu près cette tête là. Merci au dernier #GOT https://t.co/20EtmGqa7S"	"735235643400454144"	"miquette_"	2016-05-24 22:26:52	NA	NA	FALSE	2	FALSE	0	FALSE	"<a href=""http://twitter.com"" rel=""nofollow"">Twitter Web Client</a>"	NA	NA
"#nofilter #JonSnow #KitHarrington #doctorfausters #youknownothing #takemetoyourcave #fangirl #GoT #gameofthrones #s… https://t.co/7oWIZFaRVL"	"735235634453942272"	"jonsnowyy"	2016-05-24 22:26:49	NA	NA	FALSE	0	FALSE	0	FALSE	"<a href=""http://ifttt.com"" rel=""nofollow"">IFTTT</a>"	NA	NA
"Just watched S6E1 of #GoT things I do while I procrastinate"	"735235630825869312"	"NthabyMasinge"	2016-05-24 22:26:49	NA	NA	FALSE	0	FALSE	0	FALSE	"<a href=""http://blackberry.com/twitter"" rel=""nofollow"">Twitter for BlackBerry®</a>"	NA	NA
"RT @WillShayhan: im still emotionally recovering from last nights #GoT episode..."	"735235589977571328"	"LunaCordier"	2016-05-24 22:26:39	NA	NA	FALSE	0	FALSE	25	TRUE	"<a href=""http://twitter.com/download/iphone"" rel=""nofollow"">Twitter for iPhone</a>"	NA	NA
"No te lo perdonaré jamás, George R.R. Martín. Jamás. #got"	"735235583333781505"	"MadridSeb"	2016-05-24 22:26:37	NA	NA	FALSE	0	FALSE	0	FALSE	"<a href=""http://twitter.com"" rel=""nofollow"">Twitter Web Client</a>"	NA	NA
"Haha... Will not make sense unless you're caught up. #gameofthrones #got #hodor by evangitron https://t.co/BhCsGIbhPh"	"735235579084955649"	"jonsnowyy"	2016-05-24 22:26:36	NA	NA	FALSE	0	FALSE	0	FALSE	"<a href=""http://ifttt.com"" rel=""nofollow"">IFTTT</a>"	NA	NA
"Yo...he is savage

#gameofthrones #got #hbo #winteriscoming #jonsnow #stark #khaleesi #asoiaf #asongoficeandfire #d… https://t.co/RZBMSxM7vK"	"735235571304570880"	"jonsnowyy"	2016-05-24 22:26:34	NA	NA	FALSE	0	FALSE	0	FALSE	"<a href=""http://ifttt.com"" rel=""nofollow"">IFTTT</a>"	NA	NA
"Such a great show #Asoiaf #grrm #got #gameofthrones #Jonsnow #redwedding #holdthedoor #stannis <U+2764><U+FE0F> by joakimlarsen94 https://t.co/vwGmtEheT5"	"735235548395278337"	"jonsnowyy"	2016-05-24 22:26:29	NA	NA	FALSE	0	FALSE	0	FALSE	"<a href=""http://ifttt.com"" rel=""nofollow"">IFTTT</a>"	NA	NA
"Smooth Jorah. <ed><U+00A0><U+00BD><ed><U+00B8><U+00B1>
#gameofthrones #khaleesi #jorahmormont #followme #gameofthroneshbo #got #gameofthronesfamily #hbo #… https://t.co/NDZluJtoNt"	"735235503440678913"	"jonsnowyy"	2016-05-24 22:26:18	NA	NA	FALSE	0	FALSE	0	FALSE	"<a href=""http://ifttt.com"" rel=""nofollow"">IFTTT</a>"	NA	NA
"#GameofThrones: @HiddenRemote asks - Is #JonSnow Hitting the Wall of Progress? https://t.co/IWIKFDruCj

#GoT"	"735235492808151041"	"EclecticPop"	2016-05-24 22:26:16	NA	NA	FALSE	0	FALSE	0	FALSE	"<a href=""http://twitter.com/download/android"" rel=""nofollow"">Twitter for Android</a>"	NA	NA
".....<ed><U+00A0><U+00BD><ed><U+00B8><U+00AD> <ed><U+00A0><U+00BD><ed><U+00B2><U+00A7><ed><U+00A0><U+00BD><ed><U+00B2><U+00A7><ed><U+00A0><U+00BD><ed><U+00B2><U+00A7><ed><U+00A0><U+00BD><ed><U+00B2><U+00A7><ed><U+00A0><U+00BD><ed><U+00B2><U+00A7>
#holdthedoor #gameofthrones #hodor #got #branstark #grrmartin #whitewalkers #thedoor #sketch #art #boo… https://t.co/l807qJZrJG"	"735235491080065025"	"jonsnowyy"	2016-05-24 22:26:15	NA	NA	FALSE	0	FALSE	0	FALSE	"<a href=""http://ifttt.com"" rel=""nofollow"">IFTTT</a>"	NA	NA
"@HBO Warum #Hodor?

Ein stiller #Held in #GameOfThrones! 

#GOT #HoldTheDoor #brokenHeart <ed><U+00A0><U+00BD><ed><U+00B8><U+00AD>"	"735235490396438530"	"TYPOgrafik_"	2016-05-24 22:26:15	"HBO"	NA	FALSE	0	FALSE	0	FALSE	"<a href=""http://tapbots.com/tweetbot"" rel=""nofollow"">Tweetbot for i<U+039F>S</a>"	NA	NA
"A cake that trumped #GOT. Dang. Better try it. Thanks, @honeyandfigs 
#vegan #raspberry #truffle #almond #cake https://t.co/dAEzuCDl42"	"735235484708966400"	"KeepinItKind"	2016-05-24 22:26:14	NA	NA	FALSE	0	FALSE	0	FALSE	"<a href=""http://www.hootsuite.com"" rel=""nofollow"">Hootsuite</a>"	NA	NA
"am i the only one who constantly thinks about the direwolves? ; . ; #got 
jon please, keep ghost safe."	"735235479520579584"	"sherylin7"	2016-05-24 22:26:12	NA	NA	FALSE	0	FALSE	0	FALSE	"<a href=""http://twitter.com"" rel=""nofollow"">Twitter Web Client</a>"	NA	NA
"Que episodio tan terriblemente triste :( #GoT"	"735235476869787648"	"mariajor"	2016-05-24 22:26:12	NA	NA	FALSE	0	FALSE	0	FALSE	"<a href=""http://twitter.com"" rel=""nofollow"">Twitter Web Client</a>"	NA	NA
"SPOILER ALERT
#gameofthrones #got #ironthrone #westeros #allhailtheking #teamtargaryen by nanigga https://t.co/1zqdEtROoo"	"735235464798568448"	"jonsnowyy"	2016-05-24 22:26:09	NA	NA	FALSE	0	FALSE	0	FALSE	"<a href=""http://ifttt.com"" rel=""nofollow"">IFTTT</a>"	NA	NA
"RT @GuitarZero6: Bon courage pour la VF de #GoT quand même. 
""Tiens la porte !"" 
Tiens la porte
Tiens la porte
Tiens porte
Tienporte
Tienpo…"	"735235440245104640"	"lilianZoldyck"	2016-05-24 22:26:03	NA	NA	FALSE	0	FALSE	177	TRUE	"<a href=""http://twitter.com/download/android"" rel=""nofollow"">Twitter for Android</a>"	NA	NA
"RT @CrawlingEagle13: I just want someone to look at me the way Tormund looks at Brienne. #GOT #HoldTheDoor https://t.co/dUL8vLu7Rf"	"735235404928946176"	"emkkat"	2016-05-24 22:25:55	NA	NA	FALSE	0	FALSE	1742	TRUE	"<a href=""http://twitter.com/download/iphone"" rel=""nofollow"">Twitter for iPhone</a>"	NA	NA
"In an elevator today #GOT https://t.co/uh2BDTl3fN"	"735235400709574657"	"Vinvox"	2016-05-24 22:25:54	NA	NA	FALSE	0	FALSE	0	FALSE	"<a href=""http://twitter.com/download/iphone"" rel=""nofollow"">Twitter for iPhone</a>"	NA	NA
"The White Walkers terrify me #GOT"	"735235380593762304"	"antoniamay_"	2016-05-24 22:25:49	NA	NA	FALSE	0	FALSE	0	FALSE	"<a href=""http://twitter.com/download/iphone"" rel=""nofollow"">Twitter for iPhone</a>"	NA	NA
"""Hold the door"" is the new ""Look at the flowers"" <ed><U+00A0><U+00BD><ed><U+00B8><U+00AD><ed><U+00A0><U+00BD><ed><U+00B8><U+00AD><ed><U+00A0><U+00BD><ed><U+00B8><U+00AD> #GoT #TWD #TheWalkingDead"	"735235326780833793"	"Alexwintermute"	2016-05-24 22:25:36	NA	NA	FALSE	0	FALSE	0	FALSE	"<a href=""http://twitter.com/download/iphone"" rel=""nofollow"">Twitter for iPhone</a>"	NA	NA
"Why can't #GameofThrones just come on twice or three times a week!
This season has been best one yet!
#HoldTheDoor #Hordor #GOT"	"735235286595186689"	"BR11NZD"	2016-05-24 22:25:26	NA	NA	FALSE	0	FALSE	0	FALSE	"<a href=""http://twitter.com/download/iphone"" rel=""nofollow"">Twitter for iPhone</a>"	NA	NA
"RT @sara_alghamdi1: https://t.co/hXCbypAgm3 #GOT #JonSnow by me <U+2764><U+FE0F> <U+0631><U+0633><U+0645><U+062A><U+064A> <U+0644><U+062C><U+0648><U+0646> <U+0633><U+0646><U+0648>"	"735235268941389824"	"sarahsoo1990"	2016-05-24 22:25:22	NA	NA	FALSE	0	FALSE	3	TRUE	"<a href=""http://twitter.com/download/iphone"" rel=""nofollow"">Twitter for iPhone</a>"	NA	NA
"RT @hootsuite: We know the Starks and Lannisters, but what about House Twitter and Facebook? #GOT https://t.co/vRXuVJ8oZT"	"735235265325719552"	"iCatherineBao"	2016-05-24 22:25:21	NA	NA	FALSE	0	FALSE	106	TRUE	"<a href=""http://twitter.com"" rel=""nofollow"">Twitter Web Client</a>"	NA	NA
"'Game of Thrones' has gone off the rails. I'd quit watching if I could https://t.co/tClU59tA9m #entertainment #gameofthrones  #GOT #HBO"	"735235262997880832"	"MoptwoLLC"	2016-05-24 22:25:21	NA	NA	FALSE	0	FALSE	0	FALSE	"<a href=""http://twitter.com/download/iphone"" rel=""nofollow"">Twitter for iPhone</a>"	NA	NA
"RT @CrawlingEagle13: I just want someone to look at me the way Tormund looks at Brienne. #GOT #HoldTheDoor https://t.co/dUL8vLu7Rf"	"735235190570647552"	"ChappyChaps01"	2016-05-24 22:25:04	NA	NA	FALSE	0	FALSE	1742	TRUE	"<a href=""http://twitter.com/download/iphone"" rel=""nofollow"">Twitter for iPhone</a>"	NA	NA
"I've just watched episode S05E10 of Game of Thrones! #GoT https://t.co/EBbhVZGUnP"	"735235188326838273"	"ierogirl"	2016-05-24 22:25:03	NA	NA	FALSE	0	FALSE	0	FALSE	"<a href=""http://www.tvshowtime.com"" rel=""nofollow"">TVShow Time</a>"	NA	NA
"Acabo de ver el #GoT S06x05, y no lo supero. Están muy sádicos."	"735235160258514944"	"gomezcesar"	2016-05-24 22:24:56	NA	NA	FALSE	0	FALSE	0	FALSE	"<a href=""http://twitter.com/download/android"" rel=""nofollow"">Twitter for Android</a>"	NA	NA
"Prediction: #Hodor = Cold Hands in #GoT show (not books)"	"735235142076137473"	"Laura4Prez"	2016-05-24 22:24:52	NA	NA	FALSE	0	FALSE	0	FALSE	"<a href=""http://tapbots.com/tweetbot"" rel=""nofollow"">Tweetbot for i<U+039F>S</a>"	NA	NA
"<ed><U+00AE><U+00B8><ed><U+00BC><U+00BA> #toosoon #holdthedoor #hodor #holddoor #GoT #gameofthrones #Repost @fuckjerry
···
Who did this? Way too soon. https://t.co/EbYOk5oR7Y"	"735235115970928640"	"DJCASE"	2016-05-24 22:24:46	NA	NA	FALSE	0	FALSE	0	FALSE	"<a href=""http://www.facebook.com/twitter"" rel=""nofollow"">Facebook</a>"	NA	NA
"New #GOT character Doras. Spoiler: tragic reveal scene: it's short for ""Don't let the door hit you on the ass on the way out."" #hodor #Doras"	"735235106567118850"	"JessiKiwi"	2016-05-24 22:24:44	NA	NA	FALSE	0	FALSE	0	FALSE	"<a href=""http://twitter.com"" rel=""nofollow"">Twitter Web Client</a>"	NA	NA
"gerade einen 3h #GoT marathon hinter mir. #brainfuck <ed><U+00A0><U+00BD><ed><U+00B9><U+0083>"	"735235096798756864"	"auermike"	2016-05-24 22:24:41	NA	NA	FALSE	0	FALSE	0	FALSE	"<a href=""http://twitter.com/download/iphone"" rel=""nofollow"">Twitter for iPhone</a>"	NA	NA
"RT @SamColemanActor: Twitter only gives you 30 seconds so I'm speaking quite fast but here's an announcement for you all. #GOT #charity htt…"	"735235090515677185"	"davepayne164"	2016-05-24 22:24:40	NA	NA	FALSE	0	FALSE	118	TRUE	"<a href=""http://tweetlogix.com"" rel=""nofollow"">Tweetlogix</a>"	NA	NA
"RT @LoganGoulett: Total gold in the office elevator. #got #hodor #holdthedoor https://t.co/QLlri2PWRf"	"735235061365116929"	"jaberant"	2016-05-24 22:24:33	NA	NA	FALSE	0	FALSE	26	TRUE	"<a href=""http://twitter.com/download/iphone"" rel=""nofollow"">Twitter for iPhone</a>"	NA	NA
"RT @GuitarZero6: Bon courage pour la VF de #GoT quand même. 
""Tiens la porte !"" 
Tiens la porte
Tiens la porte
Tiens porte
Tienporte
Tienpo…"	"735235023369064448"	"YvonLovesGaga"	2016-05-24 22:24:24	NA	NA	FALSE	0	FALSE	177	TRUE	"<a href=""http://twitter.com/download/iphone"" rel=""nofollow"">Twitter for iPhone</a>"	NA	NA
"RT @matiasbusqued: #Hodor #JustHoldTheDoor #GoT #JuegoDeTronos #GameofThrones https://t.co/csfjV1Hw51"	"735235010421268480"	"KhandekarGauri"	2016-05-24 22:24:21	NA	NA	FALSE	0	FALSE	1	TRUE	"<a href=""http://twitter.com"" rel=""nofollow"">Twitter Web Client</a>"	NA	NA
"#got _it <U+2049><U+FE0F> https://t.co/qguTPY3G4L"	"735235008550559744"	"legendofnarciso"	2016-05-24 22:24:20	NA	NA	FALSE	0	FALSE	0	FALSE	"<a href=""http://twitter.com/download/iphone"" rel=""nofollow"">Twitter for iPhone</a>"	NA	NA
"RT @MonsieurUnited: À chaque fois que je vois les Marcheurs Blancs, je pense à Liverpool et leur dernier titre de champion d'Angleterre <ed><U+00A0><U+00BD><ed><U+00B8><U+00AD><ed><U+00A0><U+00BD><ed><U+00B8><U+00AD><ed><U+00A0><U+00BD><ed><U+00B8><U+00AD>…"	"735234970004914176"	"KasparovAmine"	2016-05-24 22:24:11	NA	NA	FALSE	0	FALSE	4	TRUE	"<a href=""http://twitter.com/download/iphone"" rel=""nofollow"">Twitter for iPhone</a>"	NA	NA
"Wow. Just caught up with the latest #got episode. Very good episode but left me very sad! <ed><U+00A0><U+00BD><ed><U+00B8><U+0094>"	"735234969040216069"	"markkingshott"	2016-05-24 22:24:11	NA	NA	FALSE	0	FALSE	0	FALSE	"<a href=""http://twitter.com/download/iphone"" rel=""nofollow"">Twitter for iPhone</a>"	NA	NA
"I've just watched episode S06E05 of Game of Thrones! #GoT https://t.co/yaZVrkiQOG"	"735234966913748993"	"QueenlyOfSleep"	2016-05-24 22:24:10	NA	NA	FALSE	0	FALSE	0	FALSE	"<a href=""http://www.tvshowtime.com"" rel=""nofollow"">TVShow Time</a>"	NA	NA
"Not every Hero hold a sword. Some heroes just hold the door. #GoT"	"735234879428911105"	"west_tobi"	2016-05-24 22:23:49	NA	NA	FALSE	0	FALSE	0	FALSE	"<a href=""http://twitter.com/download/iphone"" rel=""nofollow"">Twitter for iPhone</a>"	NA	NA
"RT @laura_woodsy: HOLD THE DOOR <ed><U+00A0><U+00BD><ed><U+00B8><U+00AD><ed><U+00A0><U+00BD><ed><U+00B8><U+00AD><ed><U+00A0><U+00BD><ed><U+00B8><U+00AD> #GOT"	"735234821195243520"	"Susanne_taylor1"	2016-05-24 22:23:36	NA	NA	FALSE	0	FALSE	1	TRUE	"<a href=""http://twitter.com/download/iphone"" rel=""nofollow"">Twitter for iPhone</a>"	NA	NA
"RT @Heisenberg_19: 26- Game of Thrones #GOT
https://t.co/CXSie0NEFa"	"735234819290976256"	"IvanVerratti"	2016-05-24 22:23:35	NA	NA	FALSE	0	FALSE	18	TRUE	"<a href=""http://twitter.com/download/iphone"" rel=""nofollow"">Twitter for iPhone</a>"	NA	NA
"HODOR HODOR HODOR HODOR HODOR HODOR HODOR HODOR HODOR HODOR HODOR HODOR HODOR HODOR HODOR HODOR HODOR HODOR HODOR HODOR HODOR HODOR #Got :'("	"735234812244545536"	"Kiliphiliae"	2016-05-24 22:23:33	NA	NA	FALSE	0	FALSE	0	FALSE	"<a href=""http://twitter.com"" rel=""nofollow"">Twitter Web Client</a>"	NA	NA
"To watch #got or sleep <ed><U+00A0><U+00BD><ed><U+00B2><U+00A4><ed><U+00A0><U+00BD><ed><U+00B2><U+00A4>"	"735234810931740673"	"Younii36"	2016-05-24 22:23:33	NA	NA	FALSE	0	FALSE	0	FALSE	"<a href=""http://twitter.com/download/iphone"" rel=""nofollow"">Twitter for iPhone</a>"	NA	NA
"The North will remember you, Hodor! #GoT"	"735234809224658944"	"adrianagomas"	2016-05-24 22:23:33	NA	NA	FALSE	0	FALSE	0	FALSE	"<a href=""http://twitter.com"" rel=""nofollow"">Twitter Web Client</a>"	NA	NA
"RT @Breza89: #GOT time with @IvaGrobarka https://t.co/BZxLzykYsR"	"735234685299752960"	"IvaGrobarka"	2016-05-24 22:23:03	NA	NA	FALSE	0	FALSE	1	TRUE	"<a href=""http://twitter.com"" rel=""nofollow"">Twitter Web Client</a>"	NA	NA
"RT @keithmobrien: When you halfway through protecting your liege-lady and chill, and he gives you this look... #GOT #Hodor https://t.co/gUE…"	"735234659660009472"	"samanthaaadear"	2016-05-24 22:22:57	NA	NA	FALSE	0	FALSE	68	TRUE	"<a href=""http://twitter.com/download/iphone"" rel=""nofollow"">Twitter for iPhone</a>"	NA	NA
"RT @Pancho_RR: JAJAJAJJAA y siguen saliendo memes... 
#GameofThrones #GOT https://t.co/IjZiu3m7fi"	"735234615066152960"	"MadridSeb"	2016-05-24 22:22:46	NA	NA	FALSE	0	FALSE	5	TRUE	"<a href=""http://twitter.com"" rel=""nofollow"">Twitter Web Client</a>"	NA	NA
"I've just watched episode S06E05 of Game of Thrones! https://t.co/ZwVjJpfndw #GoT #tvshowtime https://t.co/ipVoZmyNTT"	"735234548368297985"	"Manar_alw"	2016-05-24 22:22:30	NA	NA	FALSE	0	FALSE	0	FALSE	"<a href=""http://www.tvshowtime.com"" rel=""nofollow"">TVShow Time</a>"	NA	NA
"@chicogarcia @DelamarArias @ginoboi @rxtmr @RX931 someone's going to die?!!!! #GoT"	"735234513299603456"	"hanniehey"	2016-05-24 22:22:22	"chicogarcia"	NA	FALSE	0	FALSE	0	FALSE	"<a href=""http://twitter.com/download/android"" rel=""nofollow"">Twitter for Android</a>"	NA	NA
"RT @OnPirateSat: Sansa Blasts Littlefinger (finally)

Episode 5 Part 2  -bit.ly/1WP4vNu

#SNRTG #GameofThrones #GoT #Hodor https://t.co/Dtz…"	"735234510162296833"	"SNRTG"	2016-05-24 22:22:21	NA	NA	FALSE	0	FALSE	1	TRUE	"<a href=""https://hopscotch.social/"" rel=""nofollow"">Hopscotch Social</a>"	NA	NA
"#GoT repeated tonight, going to watch the last 15  mins again"	"735234506697936897"	"tugger2k"	2016-05-24 22:22:21	NA	NA	FALSE	0	FALSE	0	FALSE	"<a href=""http://www.myplume.com/"" rel=""nofollow"">Plume for Android</a>"	NA	NA
"HOLD THE DOOR <ed><U+00A0><U+00BD><ed><U+00B8><U+00AD><ed><U+00A0><U+00BD><ed><U+00B8><U+00AD><ed><U+00A0><U+00BD><ed><U+00B8><U+00AD> #GOT"	"735234476230496256"	"laura_woodsy"	2016-05-24 22:22:13	NA	NA	FALSE	6	FALSE	1	FALSE	"<a href=""http://twitter.com/download/iphone"" rel=""nofollow"">Twitter for iPhone</a>"	NA	NA
"Daenerys was like #GameofThrones #GoT https://t.co/qNcUPWJBH5"	"735234466235322368"	"liladeca"	2016-05-24 22:22:11	NA	NA	FALSE	0	FALSE	0	FALSE	"<a href=""http://twitter.com/download/iphone"" rel=""nofollow"">Twitter for iPhone</a>"	NA	NA
"RT @TheNerdFu: Enter the Ultimate #GameofThrones Giveaway from @TheGeekFuel
50"" TV, #PS4, #GOT Blu-Ray 
https://t.co/OCSYjJvaMh https://t.c…"	"735234450255028224"	"IanElrod1"	2016-05-24 22:22:07	NA	NA	FALSE	0	FALSE	5	TRUE	"<a href=""http://twitter.com/download/iphone"" rel=""nofollow"">Twitter for iPhone</a>"	NA	NA
"<ed><U+00A0><U+00BD><ed><U+00B8><U+0082><ed><U+00A0><U+00BD><ed><U+00B8><U+0082><ed><U+00A0><U+00BD><ed><U+00B2><U+0094><ed><U+00A0><U+00BD><ed><U+00B2><U+0094><ed><U+00A0><U+00BD><ed><U+00B2><U+0094> #GOT https://t.co/uf4lqygWbV"	"735234438615961600"	"F6omAlraoji"	2016-05-24 22:22:04	NA	NA	FALSE	0	FALSE	0	FALSE	"<a href=""http://twitter.com/download/iphone"" rel=""nofollow"">Twitter for iPhone</a>"	NA	NA
"&lt;- Traumatisiert oO #GoT aktuelle Folge"	"735234432274190336"	"Kaisu_schreibt"	2016-05-24 22:22:03	NA	NA	FALSE	0	FALSE	0	FALSE	"<a href=""http://twitter.com/download/android"" rel=""nofollow"">Twitter for Android</a>"	NA	NA
"Hay cosas que uno encuentra en el ascensor #got #hodor #GameofThrones https://t.co/B688v8O3LN"	"735234417367650305"	"jonyram"	2016-05-24 22:21:59	NA	NA	FALSE	0	FALSE	0	FALSE	"<a href=""http://twitter.com/download/iphone"" rel=""nofollow"">Twitter for iPhone</a>"	NA	NA
"It's time to watch last ep of #GOT .I am expecting anything"	"735234380067639296"	"an0o0la"	2016-05-24 22:21:50	NA	NA	FALSE	0	FALSE	0	FALSE	"<a href=""http://twitter.com/download/android"" rel=""nofollow"">Twitter for Android</a>"	NA	NA
"RT @CrawlingEagle13: I just want someone to look at me the way Tormund looks at Brienne. #GOT #HoldTheDoor https://t.co/dUL8vLu7Rf"	"735234365693829120"	"kashiegolean"	2016-05-24 22:21:47	NA	NA	FALSE	0	FALSE	1742	TRUE	"<a href=""http://twitter.com/download/iphone"" rel=""nofollow"">Twitter for iPhone</a>"	NA	NA
"RT @tweetAris: <U+0397> <U+0394>e<U+03C5>t<U+03AD><U+03C1>a e<U+03AF><U+03BD>a<U+03B9> p<U+03BB><U+03AD><U+03BF><U+03BD> ep<U+03AF>s<U+03B7>µa <U+03B7> µ<U+03AD><U+03C1>a ""<U+0394>e µpa<U+03AF><U+03BD><U+03C9> fb <U+03B3><U+03B9>a <U+03BD>a µ<U+03B7> d<U+03C9> spoiler Game of Thrones""... #got #GameofThrones"	"735234362489372672"	"mariaswf"	2016-05-24 22:21:46	NA	NA	FALSE	0	FALSE	5	TRUE	"<a href=""http://twitter.com/download/iphone"" rel=""nofollow"">Twitter for iPhone</a>"	NA	NA
"actually broken! #HoldtheDoor #GoT"	"735234253206761472"	"Rocketfoz"	2016-05-24 22:21:20	NA	NA	FALSE	0	FALSE	0	FALSE	"<a href=""http://twitter.com/#!/download/ipad"" rel=""nofollow"">Twitter for iPad</a>"	NA	NA
"RT @GuitarZero6: Bon courage pour la VF de #GoT quand même. 
""Tiens la porte !"" 
Tiens la porte
Tiens la porte
Tiens porte
Tienporte
Tienpo…"	"735234237532672001"	"xspicylilyx"	2016-05-24 22:21:16	NA	NA	FALSE	0	FALSE	177	TRUE	"<a href=""http://twitter.com/download/iphone"" rel=""nofollow"">Twitter for iPhone</a>"	NA	NA
"Va falloir qu'ils refassent le doublage de #GoT sinon ça va être difficile pour expliquer #GoTSeason6 et #Hodor"	"735234234542116864"	"elfydelaluny"	2016-05-24 22:21:16	NA	NA	FALSE	0	FALSE	0	FALSE	"<a href=""https://about.twitter.com/products/tweetdeck"" rel=""nofollow"">TweetDeck</a>"	NA	NA
"RT @Blasterjaxx: Still sad about the Hodor scene... #got"	"735234230762901504"	"Ghina_YGE"	2016-05-24 22:21:15	NA	NA	FALSE	0	FALSE	11	TRUE	"<a href=""https://mobile.twitter.com"" rel=""nofollow"">Mobile Web (M2)</a>"	NA	NA
"RT @clementlegall: Assez d'internet pour aujourd'hui ! <ed><U+00A0><U+00BD><ed><U+00B8><U+0082><ed><U+00A0><U+00BD><ed><U+00B8><U+0082>

#GOT #holdthedoor #lastepisode #hodor https://t.co/wmoWgZHD4n"	"735234215462178817"	"Caro_MCS"	2016-05-24 22:21:11	NA	NA	FALSE	0	FALSE	17	TRUE	"<a href=""http://twitter.com/download/iphone"" rel=""nofollow"">Twitter for iPhone</a>"	NA	NA
"RT @JosephNoctum: I'll never be able to hold a door the same way again.... #GoT #Hodor https://t.co/KuIEpOckRY"	"735234201629392896"	"darshu"	2016-05-24 22:21:08	NA	NA	FALSE	0	FALSE	447	TRUE	"<a href=""http://twitter.com/download/iphone"" rel=""nofollow"">Twitter for iPhone</a>"	NA	NA
"RT @GuitarZero6: Bon courage pour la VF de #GoT quand même. 
""Tiens la porte !"" 
Tiens la porte
Tiens la porte
Tiens porte
Tienporte
Tienpo…"	"735234187981168640"	"indierocky_"	2016-05-24 22:21:05	NA	NA	FALSE	0	FALSE	177	TRUE	"<a href=""http://twitter.com/download/iphone"" rel=""nofollow"">Twitter for iPhone</a>"	NA	NA
"RT @merlotmommy: Game of Thrones-Inspired Frozen Hot Chocolate w/ Baileys Irish Creme #gameofthrones #GoT https://t.co/NarfCx7noT https://t…"	"735234154741288960"	"laughteachlove"	2016-05-24 22:20:57	NA	NA	FALSE	0	FALSE	5	TRUE	"<a href=""https://roundteam.co"" rel=""nofollow"">RoundTeam</a>"	NA	NA
"RT @hariharthaker: I was in the lift and the door was closing, when I heard a girl shout ""HODOR"".
AND That's HOW KIDS I met your Mother!
#G…"	"735234116086595584"	"Idilaaaay"	2016-05-24 22:20:47	NA	NA	FALSE	0	FALSE	35	TRUE	"<a href=""http://twitter.com/download/iphone"" rel=""nofollow"">Twitter for iPhone</a>"	NA	NA
"Oh shit! #GoT"	"735234068145655808"	"frmcan77"	2016-05-24 22:20:36	NA	NA	FALSE	0	FALSE	0	FALSE	"<a href=""http://twitter.com/download/iphone"" rel=""nofollow"">Twitter for iPhone</a>"	NA	NA
"RT @tzantzi: SUJETA LA PUERTAAAAAAA
SUJETA LA PUERTAAAA
SUJETALAPUERTAA
SUJETALAPU
SUJELAPU
SU PUTA MADRE.

#JuegoDeTronos #GoT @JuegoDeTro…"	"735234059153051649"	"Rose_YTPMQTM"	2016-05-24 22:20:34	NA	NA	FALSE	0	FALSE	278	TRUE	"<a href=""http://twitter.com/download/android"" rel=""nofollow"">Twitter for Android</a>"	NA	NA
"#GOT got me like <ed><U+00A0><U+00BD><ed><U+00B8><U+00A5> https://t.co/aZcAgUZJ1C"	"735234049313230849"	"MACKONTHERADIO"	2016-05-24 22:20:32	NA	NA	FALSE	1	FALSE	0	FALSE	"<a href=""http://twitter.com/download/iphone"" rel=""nofollow"">Twitter for iPhone</a>"	NA	NA
"""Bientôt cette enfant écartera les jambes et commencera à pondre"" ah bah c'est charmant comme perception de la femme dis dont #GOT"	"735234010826301440"	"QuiniouMarie"	2016-05-24 22:20:22	NA	NA	FALSE	0	FALSE	0	FALSE	"<a href=""http://twitter.com/download/iphone"" rel=""nofollow"">Twitter for iPhone</a>"	NA	NA
"RT @RMGCharlie: I figured this was appropriate today. https://t.co/IExWtQ2rmz #Hodor #HoldTheDoor #GameOfThrones #GOT #Panda
https://t.co/M…"	"735233975782899712"	"whatconnorsaid7"	2016-05-24 22:20:14	NA	NA	FALSE	0	FALSE	481	TRUE	"<a href=""http://twitter.com/#!/download/ipad"" rel=""nofollow"">Twitter for iPad</a>"	NA	NA
"#Lannister wooden clock #GameOfThrones #Blogger #Family #Fantasy #Fashion #FathersDay #GoT https://t.co/j4RSSmuhJX https://t.co/AU7dazTZtY"	"735233968589639685"	"woodentek"	2016-05-24 22:20:12	NA	NA	FALSE	0	FALSE	0	FALSE	"<a href=""http://postcron.com"" rel=""nofollow"">PostcronApp</a>"	NA	NA
"Ramsey Bolton est le diable  #Got"	"735233946234019840"	"Le_MeeD"	2016-05-24 22:20:07	NA	NA	FALSE	0	FALSE	0	FALSE	"<a href=""http://twitter.com/download/android"" rel=""nofollow"">Twitter for Android</a>"	NA	NA
"RT @WiCnet: George RR Martin revealed 3 big twists ahead of time to the #GoT producers—we've seen 2. https://t.co/M6H6KTlH9T https://t.co/C…"	"735233898892775425"	"zayzhdh"	2016-05-24 22:19:56	NA	NA	FALSE	0	FALSE	42	TRUE	"<a href=""http://twitter.com/download/android"" rel=""nofollow"">Twitter for Android</a>"	NA	NA
"@Brett_B_ estuvo suuuuuuuuuuper cruel #GOT :((((((((((((((((((("	"735233896560742400"	"SenoritaPoker"	2016-05-24 22:19:55	"Brett_B_"	"734883410683043840"	FALSE	0	FALSE	0	FALSE	"<a href=""http://twitter.com"" rel=""nofollow"">Twitter Web Client</a>"	NA	NA
"#This <ed><U+00AE><U+00B8><ed><U+00BC><U+00B9> #GOT #Hodor #doorstop Game of Thrones https://t.co/YjdJk0nuEr"	"735233881822089219"	"Data_Dreamer"	2016-05-24 22:19:52	NA	NA	FALSE	0	FALSE	0	FALSE	"<a href=""http://www.facebook.com/twitter"" rel=""nofollow"">Facebook</a>"	NA	NA
"RT @MonsieurUnited: À chaque fois que je vois les Marcheurs Blancs, je pense à Liverpool et leur dernier titre de champion d'Angleterre <ed><U+00A0><U+00BD><ed><U+00B8><U+00AD><ed><U+00A0><U+00BD><ed><U+00B8><U+00AD><ed><U+00A0><U+00BD><ed><U+00B8><U+00AD>…"	"735233871529291776"	"JavierMUFC11"	2016-05-24 22:19:49	NA	NA	FALSE	0	FALSE	4	TRUE	"<a href=""http://twitter.com/download/android"" rel=""nofollow"">Twitter for Android</a>"	NA	NA